<?xml version="1.0" encoding="UTF-8"?>
<project-private xmlns="http://www.netbeans.org/ns/project-private/1">
    <editor-bookmarks xmlns="http://www.netbeans.org/ns/editor-bookmarks/2" lastBookmarkId="0"/>
    <open-files xmlns="http://www.netbeans.org/ns/projectui-open-files/2">
        <group>
            <file>file:/C:/Users/jimmy/Documents/NetBeansProjects/Jec-Tac-Tech-Inventory-System-main/Jec%20Tac%20Tech%20Inventory%20management%20System/src/jec/tac/tech/inventory/management/system/LogInError.java</file>
            <file>file:/C:/Users/jimmy/Documents/NetBeansProjects/Jec-Tac-Tech-Inventory-System-main/Jec%20Tac%20Tech%20Inventory%20management%20System/src/jec/tac/tech/inventory/management/system/WelcomeScreen.java</file>
            <file>file:/C:/Users/jimmy/Documents/NetBeansProjects/Jec-Tac-Tech-Inventory-System-main/Jec%20Tac%20Tech%20Inventory%20management%20System/src/jec/tac/tech/inventory/management/system/JecTacTechInventoryManagementSystem.java</file>
            <file>file:/C:/Users/jimmy/Documents/NetBeansProjects/Jec-Tac-Tech-Inventory-System-main/Jec%20Tac%20Tech%20Inventory%20management%20System/src/jec/tac/tech/inventory/management/system/EmployeeMAINPage.java</file>
            <file>file:/C:/Users/jimmy/Documents/NetBeansProjects/Jec-Tac-Tech-Inventory-System-main/Jec%20Tac%20Tech%20Inventory%20management%20System/src/jec/tac/tech/inventory/management/system/RecordsPageADMINONLY.java</file>
            <file>file:/C:/Users/jimmy/Documents/NetBeansProjects/Jec-Tac-Tech-Inventory-System-main/Jec%20Tac%20Tech%20Inventory%20management%20System/src/jec/tac/tech/inventory/management/system/MaintenanceRequestsList.java</file>
            <file>file:/C:/Users/jimmy/Documents/NetBeansProjects/Jec-Tac-Tech-Inventory-System-main/Jec%20Tac%20Tech%20Inventory%20management%20System/src/jec/tac/tech/inventory/management/system/ItemResupplyPAPERMenu.java</file>
            <file>file:/C:/Users/jimmy/Documents/NetBeansProjects/Jec-Tac-Tech-Inventory-System-main/Jec%20Tac%20Tech%20Inventory%20management%20System/src/jec/tac/tech/inventory/management/system/ReceiptConfirmationPage.java</file>
            <file>file:/C:/Users/jimmy/Documents/NetBeansProjects/Jec-Tac-Tech-Inventory-System-main/Jec%20Tac%20Tech%20Inventory%20management%20System/src/jec/tac/tech/inventory/management/system/RegisterPage.java</file>
            <file>file:/C:/Users/jimmy/Documents/NetBeansProjects/Jec-Tac-Tech-Inventory-System-main/Jec%20Tac%20Tech%20Inventory%20management%20System/src/jec/tac/tech/inventory/management/system/JECTAC%20Tech%20Logo%20Type%202%20ICON.png</file>
            <file>file:/C:/Users/jimmy/Documents/NetBeansProjects/Jec-Tac-Tech-Inventory-System-main/Jec%20Tac%20Tech%20Inventory%20management%20System/src/jec/tac/tech/inventory/management/system/RequestItemPage.java</file>
            <file>file:/C:/Users/jimmy/Documents/NetBeansProjects/Jec-Tac-Tech-Inventory-System-main/Jec%20Tac%20Tech%20Inventory%20management%20System/src/jec/tac/tech/inventory/management/system/AdminMAINPage.java</file>
            <file>file:/C:/Users/jimmy/Documents/NetBeansProjects/Jec-Tac-Tech-Inventory-System-main/Jec%20Tac%20Tech%20Inventory%20management%20System/src/jec/tac/tech/inventory/management/system/RequestMaintenancePage.java</file>
            <file>file:/C:/Users/jimmy/Documents/NetBeansProjects/Jec-Tac-Tech-Inventory-System-main/Jec%20Tac%20Tech%20Inventory%20management%20System/src/jec/tac/tech/inventory/management/system/MaintenanceStatus.java</file>
        </group>
    </open-files>
</project-private>
